<?xml version="1.0" encoding="UTF-8"?>
<CorticonRequest xmlns="urn:decision:InsertDecisionServiceName" xmlns:xsi="http://www.w3.org/2001/XMLSchema-instance" decisionServiceName="InsertDecisionServiceName">
  <WorkDocuments>
    <Duck id="Duck_id_1">
      <age>20</age>
      <name>Huey</name>
    </Duck>
    <Duck id="Duck_id_2">
      <age>20</age>
      <name>Dewey</name>
    </Duck>
    <Person id="Person_id_1">
      <age>20</age>
      <name>Tom</name>
    </Person>
    <Person id="Person_id_2">
      <age>20</age>
      <name>Dick</name>
    </Person>
    <Duck id="Duck_id_3">
      <age>20</age>
      <name>Louie</name>
    </Duck>
  </WorkDocuments>
</CorticonRequest>

